﻿<parameters>
  <parameter name="IIS Web Application Name" defaultValue="https://www.tsurvey.com" tags="IisApp">
    <parameterEntry kind="ProviderPath" scope="IisApp" match="^C:\\Users\\levan\\documents\\visual\ studio\ 2017\\Projects\\new123\\new123\\obj\\Debug\\Package\\PackageTmp$" />
    <parameterEntry kind="ProviderPath" scope="setAcl" match="^C:\\Users\\levan\\documents\\visual\ studio\ 2017\\Projects\\new123\\new123\\obj\\Debug\\Package\\PackageTmp$" />
  </parameter>
  <parameter name="DefaultConnection-Web.config Connection String" defaultValue="Data Source=DESKTOP-BH7C43S;AttachDbFilename=&quot;C:\Users\levan\Documents\Visual Studio 2017\Projects\new123\new123\App_Data\aspnet-new123-20170508090830.mdf&quot;;User ID=admin;Password=admin">
    <parameterEntry kind="XmlFile" scope="C:\\Users\\levan\\documents\\visual\ studio\ 2017\\Projects\\new123\\new123\\obj\\Debug\\Package\\PackageTmp\\Web\.config$" match="/configuration/connectionStrings/add[@name='DefaultConnection']/@connectionString" />
  </parameter>
  <parameter name="SurveyDbEntities-Web.config Connection String" defaultValue="metadata=res://*/Models.SurveyDb.csdl|res://*/Models.SurveyDb.ssdl|res://*/Models.SurveyDb.msl;provider=System.Data.SqlClient;provider connection string='Data Source=DESKTOP-BH7C43S;AttachDbFilename=&quot;C:\Users\levan\Documents\Visual Studio 2017\Projects\new123\new123\App_Data\SurveyDb.mdf&quot;;User ID=admin;Password=admin'">
    <parameterEntry kind="XmlFile" scope="C:\\Users\\levan\\documents\\visual\ studio\ 2017\\Projects\\new123\\new123\\obj\\Debug\\Package\\PackageTmp\\Web\.config$" match="/configuration/connectionStrings/add[@name='SurveyDbEntities']/@connectionString" />
  </parameter>
</parameters>